<?xml version="1.0" encoding="UTF-8"?>
<tilemap>
<blinky-init col="1" row="1"></blinky-init>
<inky-init col="22" row="22"></inky-init>
<pinky-init col="1" row="22"></pinky-init>
<clyde-init col="22" row="1"></clyde-init>
<pacman-init col="7" row="16"></pacman-init>
	<tilemap-width value="24"></tilemap-width>
	<tilemap-height value="24"></tilemap-height>
		<layer id="background">
			<row id="0">
				<tile col="0" row="0" value="0"></tile>
				<tile col="0" row="1" value="0"></tile>
				<tile col="0" row="2" value="0"></tile>
				<tile col="0" row="3" value="0"></tile>
				<tile col="0" row="4" value="0"></tile>
				<tile col="0" row="5" value="0"></tile>
				<tile col="0" row="6" value="0"></tile>
				<tile col="0" row="7" value="0"></tile>
				<tile col="0" row="8" value="0"></tile>
				<tile col="0" row="9" value="0"></tile>
				<tile col="0" row="10" value="0"></tile>
				<tile col="0" row="11" value="0"></tile>
				<tile col="0" row="12" value="0"></tile>
				<tile col="0" row="13" value="0"></tile>
				<tile col="0" row="14" value="0"></tile>
				<tile col="0" row="15" value="0"></tile>
				<tile col="0" row="16" value="0"></tile>
				<tile col="0" row="17" value="0"></tile>
				<tile col="0" row="18" value="0"></tile>
				<tile col="0" row="19" value="0"></tile>
				<tile col="0" row="20" value="0"></tile>
				<tile col="0" row="21" value="0"></tile>
				<tile col="0" row="22" value="0"></tile>
				<tile col="0" row="23" value="0"></tile>
			</row>
			<row id="1">
				<tile col="1" row="0" value="0"></tile>
				<tile col="1" row="1" value="1"></tile>
				<tile col="1" row="2" value="1"></tile>
				<tile col="1" row="3" value="1"></tile>
				<tile col="1" row="4" value="1"></tile>
				<tile col="1" row="5" value="1"></tile>
				<tile col="1" row="6" value="1"></tile>
				<tile col="1" row="7" value="1"></tile>
				<tile col="1" row="8" value="1"></tile>
				<tile col="1" row="9" value="1"></tile>
				<tile col="1" row="10" value="1"></tile>
				<tile col="1" row="11" value="1"></tile>
				<tile col="1" row="12" value="1"></tile>
				<tile col="1" row="13" value="1"></tile>
				<tile col="1" row="14" value="1"></tile>
				<tile col="1" row="15" value="1"></tile>
				<tile col="1" row="16" value="1"></tile>
				<tile col="1" row="17" value="1"></tile>
				<tile col="1" row="18" value="1"></tile>
				<tile col="1" row="19" value="1"></tile>
				<tile col="1" row="20" value="1"></tile>
				<tile col="1" row="21" value="1"></tile>
				<tile col="1" row="22" value="1"></tile>
				<tile col="1" row="23" value="0"></tile>
			</row>
			<row id="2">
				<tile col="2" row="0" value="0"></tile>
				<tile col="2" row="1" value="1"></tile>
				<tile col="2" row="2" value="0"></tile>
				<tile col="2" row="3" value="0"></tile>
				<tile col="2" row="4" value="1"></tile>
				<tile col="2" row="5" value="0"></tile>
				<tile col="2" row="6" value="0"></tile>
				<tile col="2" row="7" value="1"></tile>
				<tile col="2" row="8" value="0"></tile>
				<tile col="2" row="9" value="0"></tile>
				<tile col="2" row="10" value="1"></tile>
				<tile col="2" row="11" value="0"></tile>
				<tile col="2" row="12" value="0"></tile>
				<tile col="2" row="13" value="1"></tile>
				<tile col="2" row="14" value="0"></tile>
				<tile col="2" row="15" value="0"></tile>
				<tile col="2" row="16" value="1"></tile>
				<tile col="2" row="17" value="0"></tile>
				<tile col="2" row="18" value="0"></tile>
				<tile col="2" row="19" value="1"></tile>
				<tile col="2" row="20" value="0"></tile>
				<tile col="2" row="21" value="0"></tile>
				<tile col="2" row="22" value="1"></tile>
				<tile col="2" row="23" value="0"></tile>
			</row>
			<row id="3">
				<tile col="3" row="0" value="0"></tile>
				<tile col="3" row="1" value="1"></tile>
				<tile col="3" row="2" value="0"></tile>
				<tile col="3" row="3" value="0"></tile>
				<tile col="3" row="4" value="1"></tile>
				<tile col="3" row="5" value="0"></tile>
				<tile col="3" row="6" value="0"></tile>
				<tile col="3" row="7" value="1"></tile>
				<tile col="3" row="8" value="0"></tile>
				<tile col="3" row="9" value="0"></tile>
				<tile col="3" row="10" value="1"></tile>
				<tile col="3" row="11" value="0"></tile>
				<tile col="3" row="12" value="0"></tile>
				<tile col="3" row="13" value="1"></tile>
				<tile col="3" row="14" value="0"></tile>
				<tile col="3" row="15" value="0"></tile>
				<tile col="3" row="16" value="1"></tile>
				<tile col="3" row="17" value="0"></tile>
				<tile col="3" row="18" value="0"></tile>
				<tile col="3" row="19" value="1"></tile>
				<tile col="3" row="20" value="0"></tile>
				<tile col="3" row="21" value="0"></tile>
				<tile col="3" row="22" value="1"></tile>
				<tile col="3" row="23" value="0"></tile>
			</row>
			<row id="4">
				<tile col="4" row="0" value="0"></tile>
				<tile col="4" row="1" value="1"></tile>
				<tile col="4" row="2" value="1"></tile>
				<tile col="4" row="3" value="1"></tile>
				<tile col="4" row="4" value="1"></tile>
				<tile col="4" row="5" value="1"></tile>
				<tile col="4" row="6" value="1"></tile>
				<tile col="4" row="7" value="1"></tile>
				<tile col="4" row="8" value="1"></tile>
				<tile col="4" row="9" value="1"></tile>
				<tile col="4" row="10" value="1"></tile>
				<tile col="4" row="11" value="1"></tile>
				<tile col="4" row="12" value="1"></tile>
				<tile col="4" row="13" value="1"></tile>
				<tile col="4" row="14" value="1"></tile>
				<tile col="4" row="15" value="1"></tile>
				<tile col="4" row="16" value="1"></tile>
				<tile col="4" row="17" value="1"></tile>
				<tile col="4" row="18" value="1"></tile>
				<tile col="4" row="19" value="1"></tile>
				<tile col="4" row="20" value="1"></tile>
				<tile col="4" row="21" value="1"></tile>
				<tile col="4" row="22" value="1"></tile>
				<tile col="4" row="23" value="0"></tile>
			</row>
			<row id="5">
				<tile col="5" row="0" value="0"></tile>
				<tile col="5" row="1" value="1"></tile>
				<tile col="5" row="2" value="0"></tile>
				<tile col="5" row="3" value="0"></tile>
				<tile col="5" row="4" value="1"></tile>
				<tile col="5" row="5" value="0"></tile>
				<tile col="5" row="6" value="0"></tile>
				<tile col="5" row="7" value="1"></tile>
				<tile col="5" row="8" value="0"></tile>
				<tile col="5" row="9" value="0"></tile>
				<tile col="5" row="10" value="1"></tile>
				<tile col="5" row="11" value="0"></tile>
				<tile col="5" row="12" value="0"></tile>
				<tile col="5" row="13" value="1"></tile>
				<tile col="5" row="14" value="0"></tile>
				<tile col="5" row="15" value="0"></tile>
				<tile col="5" row="16" value="1"></tile>
				<tile col="5" row="17" value="0"></tile>
				<tile col="5" row="18" value="0"></tile>
				<tile col="5" row="19" value="1"></tile>
				<tile col="5" row="20" value="0"></tile>
				<tile col="5" row="21" value="0"></tile>
				<tile col="5" row="22" value="1"></tile>
				<tile col="5" row="23" value="0"></tile>
			</row>
			<row id="6">
				<tile col="6" row="0" value="0"></tile>
				<tile col="6" row="1" value="1"></tile>
				<tile col="6" row="2" value="0"></tile>
				<tile col="6" row="3" value="0"></tile>
				<tile col="6" row="4" value="1"></tile>
				<tile col="6" row="5" value="0"></tile>
				<tile col="6" row="6" value="0"></tile>
				<tile col="6" row="7" value="1"></tile>
				<tile col="6" row="8" value="0"></tile>
				<tile col="6" row="9" value="0"></tile>
				<tile col="6" row="10" value="1"></tile>
				<tile col="6" row="11" value="0"></tile>
				<tile col="6" row="12" value="0"></tile>
				<tile col="6" row="13" value="1"></tile>
				<tile col="6" row="14" value="0"></tile>
				<tile col="6" row="15" value="0"></tile>
				<tile col="6" row="16" value="1"></tile>
				<tile col="6" row="17" value="0"></tile>
				<tile col="6" row="18" value="0"></tile>
				<tile col="6" row="19" value="1"></tile>
				<tile col="6" row="20" value="0"></tile>
				<tile col="6" row="21" value="0"></tile>
				<tile col="6" row="22" value="1"></tile>
				<tile col="6" row="23" value="0"></tile>
			</row>
			<row id="7">
				<tile col="7" row="0" value="0"></tile>
				<tile col="7" row="1" value="1"></tile>
				<tile col="7" row="2" value="1"></tile>
				<tile col="7" row="3" value="1"></tile>
				<tile col="7" row="4" value="1"></tile>
				<tile col="7" row="5" value="1"></tile>
				<tile col="7" row="6" value="1"></tile>
				<tile col="7" row="7" value="1"></tile>
				<tile col="7" row="8" value="1"></tile>
				<tile col="7" row="9" value="1"></tile>
				<tile col="7" row="10" value="1"></tile>
				<tile col="7" row="11" value="1"></tile>
				<tile col="7" row="12" value="1"></tile>
				<tile col="7" row="13" value="1"></tile>
				<tile col="7" row="14" value="1"></tile>
				<tile col="7" row="15" value="1"></tile>
				<tile col="7" row="16" value="1"></tile>
				<tile col="7" row="17" value="1"></tile>
				<tile col="7" row="18" value="1"></tile>
				<tile col="7" row="19" value="1"></tile>
				<tile col="7" row="20" value="1"></tile>
				<tile col="7" row="21" value="1"></tile>
				<tile col="7" row="22" value="1"></tile>
				<tile col="7" row="23" value="0"></tile>
			</row>
			<row id="8">
				<tile col="8" row="0" value="0"></tile>
				<tile col="8" row="1" value="1"></tile>
				<tile col="8" row="2" value="0"></tile>
				<tile col="8" row="3" value="0"></tile>
				<tile col="8" row="4" value="1"></tile>
				<tile col="8" row="5" value="0"></tile>
				<tile col="8" row="6" value="0"></tile>
				<tile col="8" row="7" value="1"></tile>
				<tile col="8" row="8" value="0"></tile>
				<tile col="8" row="9" value="0"></tile>
				<tile col="8" row="10" value="1"></tile>
				<tile col="8" row="11" value="0"></tile>
				<tile col="8" row="12" value="0"></tile>
				<tile col="8" row="13" value="1"></tile>
				<tile col="8" row="14" value="0"></tile>
				<tile col="8" row="15" value="0"></tile>
				<tile col="8" row="16" value="1"></tile>
				<tile col="8" row="17" value="0"></tile>
				<tile col="8" row="18" value="0"></tile>
				<tile col="8" row="19" value="1"></tile>
				<tile col="8" row="20" value="0"></tile>
				<tile col="8" row="21" value="0"></tile>
				<tile col="8" row="22" value="1"></tile>
				<tile col="8" row="23" value="0"></tile>
			</row>
			<row id="9">
				<tile col="9" row="0" value="0"></tile>
				<tile col="9" row="1" value="1"></tile>
				<tile col="9" row="2" value="0"></tile>
				<tile col="9" row="3" value="0"></tile>
				<tile col="9" row="4" value="1"></tile>
				<tile col="9" row="5" value="0"></tile>
				<tile col="9" row="6" value="0"></tile>
				<tile col="9" row="7" value="1"></tile>
				<tile col="9" row="8" value="0"></tile>
				<tile col="9" row="9" value="0"></tile>
				<tile col="9" row="10" value="1"></tile>
				<tile col="9" row="11" value="0"></tile>
				<tile col="9" row="12" value="0"></tile>
				<tile col="9" row="13" value="1"></tile>
				<tile col="9" row="14" value="0"></tile>
				<tile col="9" row="15" value="0"></tile>
				<tile col="9" row="16" value="1"></tile>
				<tile col="9" row="17" value="0"></tile>
				<tile col="9" row="18" value="0"></tile>
				<tile col="9" row="19" value="1"></tile>
				<tile col="9" row="20" value="0"></tile>
				<tile col="9" row="21" value="0"></tile>
				<tile col="9" row="22" value="1"></tile>
				<tile col="9" row="23" value="0"></tile>
			</row>
			<row id="10">
				<tile col="10" row="0" value="0"></tile>
				<tile col="10" row="1" value="1"></tile>
				<tile col="10" row="2" value="1"></tile>
				<tile col="10" row="3" value="1"></tile>
				<tile col="10" row="4" value="1"></tile>
				<tile col="10" row="5" value="1"></tile>
				<tile col="10" row="6" value="1"></tile>
				<tile col="10" row="7" value="1"></tile>
				<tile col="10" row="8" value="0"></tile>
				<tile col="10" row="9" value="0"></tile>
				<tile col="10" row="10" value="0"></tile>
				<tile col="10" row="11" value="0"></tile>
				<tile col="10" row="12" value="0"></tile>
				<tile col="10" row="13" value="1"></tile>
				<tile col="10" row="14" value="0"></tile>
				<tile col="10" row="15" value="0"></tile>
				<tile col="10" row="16" value="1"></tile>
				<tile col="10" row="17" value="1"></tile>
				<tile col="10" row="18" value="1"></tile>
				<tile col="10" row="19" value="1"></tile>
				<tile col="10" row="20" value="1"></tile>
				<tile col="10" row="21" value="1"></tile>
				<tile col="10" row="22" value="1"></tile>
				<tile col="10" row="23" value="0"></tile>
			</row>
			<row id="11">
				<tile col="11" row="0" value="0"></tile>
				<tile col="11" row="1" value="1"></tile>
				<tile col="11" row="2" value="0"></tile>
				<tile col="11" row="3" value="0"></tile>
				<tile col="11" row="4" value="1"></tile>
				<tile col="11" row="5" value="0"></tile>
				<tile col="11" row="6" value="0"></tile>
				<tile col="11" row="7" value="1"></tile>
				<tile col="11" row="8" value="0"></tile>
				<tile col="11" row="9" value="0"></tile>
				<tile col="11" row="10" value="1"></tile>
				<tile col="11" row="11" value="0"></tile>
				<tile col="11" row="12" value="0"></tile>
				<tile col="11" row="13" value="1"></tile>
				<tile col="11" row="14" value="0"></tile>
				<tile col="11" row="15" value="0"></tile>
				<tile col="11" row="16" value="1"></tile>
				<tile col="11" row="17" value="0"></tile>
				<tile col="11" row="18" value="0"></tile>
				<tile col="11" row="19" value="1"></tile>
				<tile col="11" row="20" value="0"></tile>
				<tile col="11" row="21" value="0"></tile>
				<tile col="11" row="22" value="1"></tile>
				<tile col="11" row="23" value="0"></tile>
			</row>
			<row id="12">
				<tile col="12" row="0" value="0"></tile>
				<tile col="12" row="1" value="1"></tile>
				<tile col="12" row="2" value="0"></tile>
				<tile col="12" row="3" value="0"></tile>
				<tile col="12" row="4" value="1"></tile>
				<tile col="12" row="5" value="0"></tile>
				<tile col="12" row="6" value="0"></tile>
				<tile col="12" row="7" value="1"></tile>
				<tile col="12" row="8" value="0"></tile>
				<tile col="12" row="9" value="0"></tile>
				<tile col="12" row="10" value="1"></tile>
				<tile col="12" row="11" value="0"></tile>
				<tile col="12" row="12" value="0"></tile>
				<tile col="12" row="13" value="1"></tile>
				<tile col="12" row="14" value="0"></tile>
				<tile col="12" row="15" value="0"></tile>
				<tile col="12" row="16" value="1"></tile>
				<tile col="12" row="17" value="0"></tile>
				<tile col="12" row="18" value="0"></tile>
				<tile col="12" row="19" value="1"></tile>
				<tile col="12" row="20" value="0"></tile>
				<tile col="12" row="21" value="0"></tile>
				<tile col="12" row="22" value="1"></tile>
				<tile col="12" row="23" value="0"></tile>
			</row>
			<row id="13">
				<tile col="13" row="0" value="0"></tile>
				<tile col="13" row="1" value="1"></tile>
				<tile col="13" row="2" value="1"></tile>
				<tile col="13" row="3" value="1"></tile>
				<tile col="13" row="4" value="1"></tile>
				<tile col="13" row="5" value="1"></tile>
				<tile col="13" row="6" value="1"></tile>
				<tile col="13" row="7" value="1"></tile>
				<tile col="13" row="8" value="0"></tile>
				<tile col="13" row="9" value="0"></tile>
				<tile col="13" row="10" value="1"></tile>
				<tile col="13" row="11" value="0"></tile>
				<tile col="13" row="12" value="0"></tile>
				<tile col="13" row="13" value="0"></tile>
				<tile col="13" row="14" value="0"></tile>
				<tile col="13" row="15" value="0"></tile>
				<tile col="13" row="16" value="1"></tile>
				<tile col="13" row="17" value="1"></tile>
				<tile col="13" row="18" value="1"></tile>
				<tile col="13" row="19" value="1"></tile>
				<tile col="13" row="20" value="1"></tile>
				<tile col="13" row="21" value="1"></tile>
				<tile col="13" row="22" value="1"></tile>
				<tile col="13" row="23" value="0"></tile>
			</row>
			<row id="14">
				<tile col="14" row="0" value="0"></tile>
				<tile col="14" row="1" value="1"></tile>
				<tile col="14" row="2" value="0"></tile>
				<tile col="14" row="3" value="0"></tile>
				<tile col="14" row="4" value="1"></tile>
				<tile col="14" row="5" value="0"></tile>
				<tile col="14" row="6" value="0"></tile>
				<tile col="14" row="7" value="1"></tile>
				<tile col="14" row="8" value="0"></tile>
				<tile col="14" row="9" value="0"></tile>
				<tile col="14" row="10" value="1"></tile>
				<tile col="14" row="11" value="0"></tile>
				<tile col="14" row="12" value="0"></tile>
				<tile col="14" row="13" value="1"></tile>
				<tile col="14" row="14" value="0"></tile>
				<tile col="14" row="15" value="0"></tile>
				<tile col="14" row="16" value="1"></tile>
				<tile col="14" row="17" value="0"></tile>
				<tile col="14" row="18" value="0"></tile>
				<tile col="14" row="19" value="1"></tile>
				<tile col="14" row="20" value="0"></tile>
				<tile col="14" row="21" value="0"></tile>
				<tile col="14" row="22" value="1"></tile>
				<tile col="14" row="23" value="0"></tile>
			</row>
			<row id="15">
				<tile col="15" row="0" value="0"></tile>
				<tile col="15" row="1" value="1"></tile>
				<tile col="15" row="2" value="0"></tile>
				<tile col="15" row="3" value="0"></tile>
				<tile col="15" row="4" value="1"></tile>
				<tile col="15" row="5" value="0"></tile>
				<tile col="15" row="6" value="0"></tile>
				<tile col="15" row="7" value="1"></tile>
				<tile col="15" row="8" value="0"></tile>
				<tile col="15" row="9" value="0"></tile>
				<tile col="15" row="10" value="1"></tile>
				<tile col="15" row="11" value="0"></tile>
				<tile col="15" row="12" value="0"></tile>
				<tile col="15" row="13" value="1"></tile>
				<tile col="15" row="14" value="0"></tile>
				<tile col="15" row="15" value="0"></tile>
				<tile col="15" row="16" value="1"></tile>
				<tile col="15" row="17" value="0"></tile>
				<tile col="15" row="18" value="0"></tile>
				<tile col="15" row="19" value="1"></tile>
				<tile col="15" row="20" value="0"></tile>
				<tile col="15" row="21" value="0"></tile>
				<tile col="15" row="22" value="1"></tile>
				<tile col="15" row="23" value="0"></tile>
			</row>
			<row id="16">
				<tile col="16" row="0" value="0"></tile>
				<tile col="16" row="1" value="1"></tile>
				<tile col="16" row="2" value="1"></tile>
				<tile col="16" row="3" value="1"></tile>
				<tile col="16" row="4" value="1"></tile>
				<tile col="16" row="5" value="1"></tile>
				<tile col="16" row="6" value="1"></tile>
				<tile col="16" row="7" value="1"></tile>
				<tile col="16" row="8" value="1"></tile>
				<tile col="16" row="9" value="1"></tile>
				<tile col="16" row="10" value="1"></tile>
				<tile col="16" row="11" value="1"></tile>
				<tile col="16" row="12" value="1"></tile>
				<tile col="16" row="13" value="1"></tile>
				<tile col="16" row="14" value="1"></tile>
				<tile col="16" row="15" value="1"></tile>
				<tile col="16" row="16" value="1"></tile>
				<tile col="16" row="17" value="1"></tile>
				<tile col="16" row="18" value="1"></tile>
				<tile col="16" row="19" value="1"></tile>
				<tile col="16" row="20" value="1"></tile>
				<tile col="16" row="21" value="1"></tile>
				<tile col="16" row="22" value="1"></tile>
				<tile col="16" row="23" value="0"></tile>
			</row>
			<row id="17">
				<tile col="17" row="0" value="0"></tile>
				<tile col="17" row="1" value="1"></tile>
				<tile col="17" row="2" value="0"></tile>
				<tile col="17" row="3" value="0"></tile>
				<tile col="17" row="4" value="1"></tile>
				<tile col="17" row="5" value="0"></tile>
				<tile col="17" row="6" value="0"></tile>
				<tile col="17" row="7" value="1"></tile>
				<tile col="17" row="8" value="0"></tile>
				<tile col="17" row="9" value="0"></tile>
				<tile col="17" row="10" value="1"></tile>
				<tile col="17" row="11" value="0"></tile>
				<tile col="17" row="12" value="0"></tile>
				<tile col="17" row="13" value="1"></tile>
				<tile col="17" row="14" value="0"></tile>
				<tile col="17" row="15" value="0"></tile>
				<tile col="17" row="16" value="1"></tile>
				<tile col="17" row="17" value="0"></tile>
				<tile col="17" row="18" value="0"></tile>
				<tile col="17" row="19" value="1"></tile>
				<tile col="17" row="20" value="0"></tile>
				<tile col="17" row="21" value="0"></tile>
				<tile col="17" row="22" value="1"></tile>
				<tile col="17" row="23" value="0"></tile>
			</row>
			<row id="18">
				<tile col="18" row="0" value="0"></tile>
				<tile col="18" row="1" value="1"></tile>
				<tile col="18" row="2" value="0"></tile>
				<tile col="18" row="3" value="0"></tile>
				<tile col="18" row="4" value="1"></tile>
				<tile col="18" row="5" value="0"></tile>
				<tile col="18" row="6" value="0"></tile>
				<tile col="18" row="7" value="1"></tile>
				<tile col="18" row="8" value="0"></tile>
				<tile col="18" row="9" value="0"></tile>
				<tile col="18" row="10" value="1"></tile>
				<tile col="18" row="11" value="0"></tile>
				<tile col="18" row="12" value="0"></tile>
				<tile col="18" row="13" value="1"></tile>
				<tile col="18" row="14" value="0"></tile>
				<tile col="18" row="15" value="0"></tile>
				<tile col="18" row="16" value="1"></tile>
				<tile col="18" row="17" value="0"></tile>
				<tile col="18" row="18" value="0"></tile>
				<tile col="18" row="19" value="1"></tile>
				<tile col="18" row="20" value="0"></tile>
				<tile col="18" row="21" value="0"></tile>
				<tile col="18" row="22" value="1"></tile>
				<tile col="18" row="23" value="0"></tile>
			</row>
			<row id="19">
				<tile col="19" row="0" value="0"></tile>
				<tile col="19" row="1" value="1"></tile>
				<tile col="19" row="2" value="1"></tile>
				<tile col="19" row="3" value="1"></tile>
				<tile col="19" row="4" value="1"></tile>
				<tile col="19" row="5" value="1"></tile>
				<tile col="19" row="6" value="1"></tile>
				<tile col="19" row="7" value="1"></tile>
				<tile col="19" row="8" value="1"></tile>
				<tile col="19" row="9" value="1"></tile>
				<tile col="19" row="10" value="1"></tile>
				<tile col="19" row="11" value="1"></tile>
				<tile col="19" row="12" value="1"></tile>
				<tile col="19" row="13" value="1"></tile>
				<tile col="19" row="14" value="1"></tile>
				<tile col="19" row="15" value="1"></tile>
				<tile col="19" row="16" value="1"></tile>
				<tile col="19" row="17" value="1"></tile>
				<tile col="19" row="18" value="1"></tile>
				<tile col="19" row="19" value="1"></tile>
				<tile col="19" row="20" value="1"></tile>
				<tile col="19" row="21" value="1"></tile>
				<tile col="19" row="22" value="1"></tile>
				<tile col="19" row="23" value="0"></tile>
			</row>
			<row id="20">
				<tile col="20" row="0" value="0"></tile>
				<tile col="20" row="1" value="1"></tile>
				<tile col="20" row="2" value="0"></tile>
				<tile col="20" row="3" value="0"></tile>
				<tile col="20" row="4" value="1"></tile>
				<tile col="20" row="5" value="0"></tile>
				<tile col="20" row="6" value="0"></tile>
				<tile col="20" row="7" value="1"></tile>
				<tile col="20" row="8" value="0"></tile>
				<tile col="20" row="9" value="0"></tile>
				<tile col="20" row="10" value="1"></tile>
				<tile col="20" row="11" value="0"></tile>
				<tile col="20" row="12" value="0"></tile>
				<tile col="20" row="13" value="1"></tile>
				<tile col="20" row="14" value="0"></tile>
				<tile col="20" row="15" value="0"></tile>
				<tile col="20" row="16" value="1"></tile>
				<tile col="20" row="17" value="0"></tile>
				<tile col="20" row="18" value="0"></tile>
				<tile col="20" row="19" value="1"></tile>
				<tile col="20" row="20" value="0"></tile>
				<tile col="20" row="21" value="0"></tile>
				<tile col="20" row="22" value="1"></tile>
				<tile col="20" row="23" value="0"></tile>
			</row>
			<row id="21">
				<tile col="21" row="0" value="0"></tile>
				<tile col="21" row="1" value="1"></tile>
				<tile col="21" row="2" value="0"></tile>
				<tile col="21" row="3" value="0"></tile>
				<tile col="21" row="4" value="1"></tile>
				<tile col="21" row="5" value="0"></tile>
				<tile col="21" row="6" value="0"></tile>
				<tile col="21" row="7" value="1"></tile>
				<tile col="21" row="8" value="0"></tile>
				<tile col="21" row="9" value="0"></tile>
				<tile col="21" row="10" value="1"></tile>
				<tile col="21" row="11" value="0"></tile>
				<tile col="21" row="12" value="0"></tile>
				<tile col="21" row="13" value="1"></tile>
				<tile col="21" row="14" value="0"></tile>
				<tile col="21" row="15" value="0"></tile>
				<tile col="21" row="16" value="1"></tile>
				<tile col="21" row="17" value="0"></tile>
				<tile col="21" row="18" value="0"></tile>
				<tile col="21" row="19" value="1"></tile>
				<tile col="21" row="20" value="0"></tile>
				<tile col="21" row="21" value="0"></tile>
				<tile col="21" row="22" value="1"></tile>
				<tile col="21" row="23" value="0"></tile>
			</row>
			<row id="22">
				<tile col="22" row="0" value="0"></tile>
				<tile col="22" row="1" value="1"></tile>
				<tile col="22" row="2" value="1"></tile>
				<tile col="22" row="3" value="1"></tile>
				<tile col="22" row="4" value="1"></tile>
				<tile col="22" row="5" value="1"></tile>
				<tile col="22" row="6" value="1"></tile>
				<tile col="22" row="7" value="1"></tile>
				<tile col="22" row="8" value="1"></tile>
				<tile col="22" row="9" value="1"></tile>
				<tile col="22" row="10" value="1"></tile>
				<tile col="22" row="11" value="1"></tile>
				<tile col="22" row="12" value="1"></tile>
				<tile col="22" row="13" value="1"></tile>
				<tile col="22" row="14" value="1"></tile>
				<tile col="22" row="15" value="1"></tile>
				<tile col="22" row="16" value="1"></tile>
				<tile col="22" row="17" value="1"></tile>
				<tile col="22" row="18" value="1"></tile>
				<tile col="22" row="19" value="1"></tile>
				<tile col="22" row="20" value="1"></tile>
				<tile col="22" row="21" value="1"></tile>
				<tile col="22" row="22" value="1"></tile>
				<tile col="22" row="23" value="0"></tile>
			</row>
			<row id="23">
				<tile col="23" row="0" value="0"></tile>
				<tile col="23" row="1" value="0"></tile>
				<tile col="23" row="2" value="0"></tile>
				<tile col="23" row="3" value="0"></tile>
				<tile col="23" row="4" value="0"></tile>
				<tile col="23" row="5" value="0"></tile>
				<tile col="23" row="6" value="0"></tile>
				<tile col="23" row="7" value="0"></tile>
				<tile col="23" row="8" value="0"></tile>
				<tile col="23" row="9" value="0"></tile>
				<tile col="23" row="10" value="0"></tile>
				<tile col="23" row="11" value="0"></tile>
				<tile col="23" row="12" value="0"></tile>
				<tile col="23" row="13" value="0"></tile>
				<tile col="23" row="14" value="0"></tile>
				<tile col="23" row="15" value="0"></tile>
				<tile col="23" row="16" value="0"></tile>
				<tile col="23" row="17" value="0"></tile>
				<tile col="23" row="18" value="0"></tile>
				<tile col="23" row="19" value="0"></tile>
				<tile col="23" row="20" value="0"></tile>
				<tile col="23" row="21" value="0"></tile>
				<tile col="23" row="22" value="0"></tile>
				<tile col="23" row="23" value="0"></tile>
			</row>
		</layer>
		<layer id="collectibles">
			<row id="0">
				<tile col="0" row="0" value="0"></tile>
				<tile col="0" row="1" value="0"></tile>
				<tile col="0" row="2" value="0"></tile>
				<tile col="0" row="3" value="0"></tile>
				<tile col="0" row="4" value="0"></tile>
				<tile col="0" row="5" value="0"></tile>
				<tile col="0" row="6" value="0"></tile>
				<tile col="0" row="7" value="0"></tile>
				<tile col="0" row="8" value="0"></tile>
				<tile col="0" row="9" value="0"></tile>
				<tile col="0" row="10" value="0"></tile>
				<tile col="0" row="11" value="0"></tile>
				<tile col="0" row="12" value="0"></tile>
				<tile col="0" row="13" value="0"></tile>
				<tile col="0" row="14" value="0"></tile>
				<tile col="0" row="15" value="0"></tile>
				<tile col="0" row="16" value="0"></tile>
				<tile col="0" row="17" value="0"></tile>
				<tile col="0" row="18" value="0"></tile>
				<tile col="0" row="19" value="0"></tile>
				<tile col="0" row="20" value="0"></tile>
				<tile col="0" row="21" value="0"></tile>
				<tile col="0" row="22" value="0"></tile>
				<tile col="0" row="23" value="0"></tile>
			</row>
			<row id="1">
				<tile col="1" row="0" value="0"></tile>
				<tile col="1" row="1" value="1"></tile>
				<tile col="1" row="2" value="1"></tile>
				<tile col="1" row="3" value="1"></tile>
				<tile col="1" row="4" value="1"></tile>
				<tile col="1" row="5" value="1"></tile>
				<tile col="1" row="6" value="1"></tile>
				<tile col="1" row="7" value="1"></tile>
				<tile col="1" row="8" value="1"></tile>
				<tile col="1" row="9" value="1"></tile>
				<tile col="1" row="10" value="1"></tile>
				<tile col="1" row="11" value="1"></tile>
				<tile col="1" row="12" value="1"></tile>
				<tile col="1" row="13" value="1"></tile>
				<tile col="1" row="14" value="1"></tile>
				<tile col="1" row="15" value="1"></tile>
				<tile col="1" row="16" value="1"></tile>
				<tile col="1" row="17" value="1"></tile>
				<tile col="1" row="18" value="1"></tile>
				<tile col="1" row="19" value="1"></tile>
				<tile col="1" row="20" value="1"></tile>
				<tile col="1" row="21" value="1"></tile>
				<tile col="1" row="22" value="1"></tile>
				<tile col="1" row="23" value="0"></tile>
			</row>
			<row id="2">
				<tile col="2" row="0" value="0"></tile>
				<tile col="2" row="1" value="1"></tile>
				<tile col="2" row="2" value="0"></tile>
				<tile col="2" row="3" value="0"></tile>
				<tile col="2" row="4" value="1"></tile>
				<tile col="2" row="5" value="0"></tile>
				<tile col="2" row="6" value="0"></tile>
				<tile col="2" row="7" value="1"></tile>
				<tile col="2" row="8" value="0"></tile>
				<tile col="2" row="9" value="0"></tile>
				<tile col="2" row="10" value="1"></tile>
				<tile col="2" row="11" value="0"></tile>
				<tile col="2" row="12" value="0"></tile>
				<tile col="2" row="13" value="1"></tile>
				<tile col="2" row="14" value="0"></tile>
				<tile col="2" row="15" value="0"></tile>
				<tile col="2" row="16" value="1"></tile>
				<tile col="2" row="17" value="0"></tile>
				<tile col="2" row="18" value="0"></tile>
				<tile col="2" row="19" value="1"></tile>
				<tile col="2" row="20" value="0"></tile>
				<tile col="2" row="21" value="0"></tile>
				<tile col="2" row="22" value="1"></tile>
				<tile col="2" row="23" value="0"></tile>
			</row>
			<row id="3">
				<tile col="3" row="0" value="0"></tile>
				<tile col="3" row="1" value="1"></tile>
				<tile col="3" row="2" value="0"></tile>
				<tile col="3" row="3" value="0"></tile>
				<tile col="3" row="4" value="1"></tile>
				<tile col="3" row="5" value="0"></tile>
				<tile col="3" row="6" value="0"></tile>
				<tile col="3" row="7" value="1"></tile>
				<tile col="3" row="8" value="0"></tile>
				<tile col="3" row="9" value="0"></tile>
				<tile col="3" row="10" value="1"></tile>
				<tile col="3" row="11" value="0"></tile>
				<tile col="3" row="12" value="0"></tile>
				<tile col="3" row="13" value="1"></tile>
				<tile col="3" row="14" value="0"></tile>
				<tile col="3" row="15" value="0"></tile>
				<tile col="3" row="16" value="1"></tile>
				<tile col="3" row="17" value="0"></tile>
				<tile col="3" row="18" value="0"></tile>
				<tile col="3" row="19" value="1"></tile>
				<tile col="3" row="20" value="0"></tile>
				<tile col="3" row="21" value="0"></tile>
				<tile col="3" row="22" value="1"></tile>
				<tile col="3" row="23" value="0"></tile>
			</row>
			<row id="4">
				<tile col="4" row="0" value="0"></tile>
				<tile col="4" row="1" value="1"></tile>
				<tile col="4" row="2" value="1"></tile>
				<tile col="4" row="3" value="1"></tile>
				<tile col="4" row="4" value="2"></tile>
				<tile col="4" row="5" value="1"></tile>
				<tile col="4" row="6" value="1"></tile>
				<tile col="4" row="7" value="1"></tile>
				<tile col="4" row="8" value="1"></tile>
				<tile col="4" row="9" value="1"></tile>
				<tile col="4" row="10" value="2"></tile>
				<tile col="4" row="11" value="1"></tile>
				<tile col="4" row="12" value="1"></tile>
				<tile col="4" row="13" value="1"></tile>
				<tile col="4" row="14" value="1"></tile>
				<tile col="4" row="15" value="1"></tile>
				<tile col="4" row="16" value="2"></tile>
				<tile col="4" row="17" value="1"></tile>
				<tile col="4" row="18" value="1"></tile>
				<tile col="4" row="19" value="1"></tile>
				<tile col="4" row="20" value="1"></tile>
				<tile col="4" row="21" value="1"></tile>
				<tile col="4" row="22" value="2"></tile>
				<tile col="4" row="23" value="0"></tile>
			</row>
			<row id="5">
				<tile col="5" row="0" value="0"></tile>
				<tile col="5" row="1" value="1"></tile>
				<tile col="5" row="2" value="0"></tile>
				<tile col="5" row="3" value="0"></tile>
				<tile col="5" row="4" value="1"></tile>
				<tile col="5" row="5" value="0"></tile>
				<tile col="5" row="6" value="0"></tile>
				<tile col="5" row="7" value="1"></tile>
				<tile col="5" row="8" value="0"></tile>
				<tile col="5" row="9" value="0"></tile>
				<tile col="5" row="10" value="1"></tile>
				<tile col="5" row="11" value="0"></tile>
				<tile col="5" row="12" value="0"></tile>
				<tile col="5" row="13" value="1"></tile>
				<tile col="5" row="14" value="0"></tile>
				<tile col="5" row="15" value="0"></tile>
				<tile col="5" row="16" value="1"></tile>
				<tile col="5" row="17" value="0"></tile>
				<tile col="5" row="18" value="0"></tile>
				<tile col="5" row="19" value="1"></tile>
				<tile col="5" row="20" value="0"></tile>
				<tile col="5" row="21" value="0"></tile>
				<tile col="5" row="22" value="1"></tile>
				<tile col="5" row="23" value="0"></tile>
			</row>
			<row id="6">
				<tile col="6" row="0" value="0"></tile>
				<tile col="6" row="1" value="1"></tile>
				<tile col="6" row="2" value="0"></tile>
				<tile col="6" row="3" value="0"></tile>
				<tile col="6" row="4" value="1"></tile>
				<tile col="6" row="5" value="0"></tile>
				<tile col="6" row="6" value="0"></tile>
				<tile col="6" row="7" value="1"></tile>
				<tile col="6" row="8" value="0"></tile>
				<tile col="6" row="9" value="0"></tile>
				<tile col="6" row="10" value="1"></tile>
				<tile col="6" row="11" value="0"></tile>
				<tile col="6" row="12" value="0"></tile>
				<tile col="6" row="13" value="1"></tile>
				<tile col="6" row="14" value="0"></tile>
				<tile col="6" row="15" value="0"></tile>
				<tile col="6" row="16" value="1"></tile>
				<tile col="6" row="17" value="0"></tile>
				<tile col="6" row="18" value="0"></tile>
				<tile col="6" row="19" value="1"></tile>
				<tile col="6" row="20" value="0"></tile>
				<tile col="6" row="21" value="0"></tile>
				<tile col="6" row="22" value="1"></tile>
				<tile col="6" row="23" value="0"></tile>
			</row>
			<row id="7">
				<tile col="7" row="0" value="0"></tile>
				<tile col="7" row="1" value="1"></tile>
				<tile col="7" row="2" value="1"></tile>
				<tile col="7" row="3" value="1"></tile>
				<tile col="7" row="4" value="1"></tile>
				<tile col="7" row="5" value="1"></tile>
				<tile col="7" row="6" value="1"></tile>
				<tile col="7" row="7" value="1"></tile>
				<tile col="7" row="8" value="1"></tile>
				<tile col="7" row="9" value="1"></tile>
				<tile col="7" row="10" value="1"></tile>
				<tile col="7" row="11" value="1"></tile>
				<tile col="7" row="12" value="1"></tile>
				<tile col="7" row="13" value="1"></tile>
				<tile col="7" row="14" value="1"></tile>
				<tile col="7" row="15" value="1"></tile>
				<tile col="7" row="16" value="1"></tile>
				<tile col="7" row="17" value="1"></tile>
				<tile col="7" row="18" value="1"></tile>
				<tile col="7" row="19" value="1"></tile>
				<tile col="7" row="20" value="1"></tile>
				<tile col="7" row="21" value="1"></tile>
				<tile col="7" row="22" value="1"></tile>
				<tile col="7" row="23" value="0"></tile>
			</row>
			<row id="8">
				<tile col="8" row="0" value="0"></tile>
				<tile col="8" row="1" value="1"></tile>
				<tile col="8" row="2" value="0"></tile>
				<tile col="8" row="3" value="0"></tile>
				<tile col="8" row="4" value="1"></tile>
				<tile col="8" row="5" value="0"></tile>
				<tile col="8" row="6" value="0"></tile>
				<tile col="8" row="7" value="1"></tile>
				<tile col="8" row="8" value="0"></tile>
				<tile col="8" row="9" value="0"></tile>
				<tile col="8" row="10" value="1"></tile>
				<tile col="8" row="11" value="0"></tile>
				<tile col="8" row="12" value="0"></tile>
				<tile col="8" row="13" value="1"></tile>
				<tile col="8" row="14" value="0"></tile>
				<tile col="8" row="15" value="0"></tile>
				<tile col="8" row="16" value="1"></tile>
				<tile col="8" row="17" value="0"></tile>
				<tile col="8" row="18" value="0"></tile>
				<tile col="8" row="19" value="1"></tile>
				<tile col="8" row="20" value="0"></tile>
				<tile col="8" row="21" value="0"></tile>
				<tile col="8" row="22" value="1"></tile>
				<tile col="8" row="23" value="0"></tile>
			</row>
			<row id="9">
				<tile col="9" row="0" value="0"></tile>
				<tile col="9" row="1" value="1"></tile>
				<tile col="9" row="2" value="0"></tile>
				<tile col="9" row="3" value="0"></tile>
				<tile col="9" row="4" value="1"></tile>
				<tile col="9" row="5" value="0"></tile>
				<tile col="9" row="6" value="0"></tile>
				<tile col="9" row="7" value="1"></tile>
				<tile col="9" row="8" value="0"></tile>
				<tile col="9" row="9" value="0"></tile>
				<tile col="9" row="10" value="1"></tile>
				<tile col="9" row="11" value="0"></tile>
				<tile col="9" row="12" value="0"></tile>
				<tile col="9" row="13" value="1"></tile>
				<tile col="9" row="14" value="0"></tile>
				<tile col="9" row="15" value="0"></tile>
				<tile col="9" row="16" value="1"></tile>
				<tile col="9" row="17" value="0"></tile>
				<tile col="9" row="18" value="0"></tile>
				<tile col="9" row="19" value="1"></tile>
				<tile col="9" row="20" value="0"></tile>
				<tile col="9" row="21" value="0"></tile>
				<tile col="9" row="22" value="1"></tile>
				<tile col="9" row="23" value="0"></tile>
			</row>
			<row id="10">
				<tile col="10" row="0" value="0"></tile>
				<tile col="10" row="1" value="1"></tile>
				<tile col="10" row="2" value="1"></tile>
				<tile col="10" row="3" value="1"></tile>
				<tile col="10" row="4" value="2"></tile>
				<tile col="10" row="5" value="1"></tile>
				<tile col="10" row="6" value="1"></tile>
				<tile col="10" row="7" value="1"></tile>
				<tile col="10" row="8" value="0"></tile>
				<tile col="10" row="9" value="0"></tile>
				<tile col="10" row="10" value="0"></tile>
				<tile col="10" row="11" value="0"></tile>
				<tile col="10" row="12" value="0"></tile>
				<tile col="10" row="13" value="1"></tile>
				<tile col="10" row="14" value="0"></tile>
				<tile col="10" row="15" value="0"></tile>
				<tile col="10" row="16" value="2"></tile>
				<tile col="10" row="17" value="1"></tile>
				<tile col="10" row="18" value="1"></tile>
				<tile col="10" row="19" value="1"></tile>
				<tile col="10" row="20" value="1"></tile>
				<tile col="10" row="21" value="1"></tile>
				<tile col="10" row="22" value="2"></tile>
				<tile col="10" row="23" value="0"></tile>
			</row>
			<row id="11">
				<tile col="11" row="0" value="0"></tile>
				<tile col="11" row="1" value="1"></tile>
				<tile col="11" row="2" value="0"></tile>
				<tile col="11" row="3" value="0"></tile>
				<tile col="11" row="4" value="1"></tile>
				<tile col="11" row="5" value="0"></tile>
				<tile col="11" row="6" value="0"></tile>
				<tile col="11" row="7" value="1"></tile>
				<tile col="11" row="8" value="0"></tile>
				<tile col="11" row="9" value="0"></tile>
				<tile col="11" row="10" value="1"></tile>
				<tile col="11" row="11" value="0"></tile>
				<tile col="11" row="12" value="0"></tile>
				<tile col="11" row="13" value="1"></tile>
				<tile col="11" row="14" value="0"></tile>
				<tile col="11" row="15" value="0"></tile>
				<tile col="11" row="16" value="1"></tile>
				<tile col="11" row="17" value="0"></tile>
				<tile col="11" row="18" value="0"></tile>
				<tile col="11" row="19" value="1"></tile>
				<tile col="11" row="20" value="0"></tile>
				<tile col="11" row="21" value="0"></tile>
				<tile col="11" row="22" value="1"></tile>
				<tile col="11" row="23" value="0"></tile>
			</row>
			<row id="12">
				<tile col="12" row="0" value="0"></tile>
				<tile col="12" row="1" value="1"></tile>
				<tile col="12" row="2" value="0"></tile>
				<tile col="12" row="3" value="0"></tile>
				<tile col="12" row="4" value="1"></tile>
				<tile col="12" row="5" value="0"></tile>
				<tile col="12" row="6" value="0"></tile>
				<tile col="12" row="7" value="1"></tile>
				<tile col="12" row="8" value="0"></tile>
				<tile col="12" row="9" value="0"></tile>
				<tile col="12" row="10" value="1"></tile>
				<tile col="12" row="11" value="0"></tile>
				<tile col="12" row="12" value="0"></tile>
				<tile col="12" row="13" value="1"></tile>
				<tile col="12" row="14" value="0"></tile>
				<tile col="12" row="15" value="0"></tile>
				<tile col="12" row="16" value="1"></tile>
				<tile col="12" row="17" value="0"></tile>
				<tile col="12" row="18" value="0"></tile>
				<tile col="12" row="19" value="1"></tile>
				<tile col="12" row="20" value="0"></tile>
				<tile col="12" row="21" value="0"></tile>
				<tile col="12" row="22" value="1"></tile>
				<tile col="12" row="23" value="0"></tile>
			</row>
			<row id="13">
				<tile col="13" row="0" value="0"></tile>
				<tile col="13" row="1" value="1"></tile>
				<tile col="13" row="2" value="1"></tile>
				<tile col="13" row="3" value="1"></tile>
				<tile col="13" row="4" value="1"></tile>
				<tile col="13" row="5" value="1"></tile>
				<tile col="13" row="6" value="1"></tile>
				<tile col="13" row="7" value="1"></tile>
				<tile col="13" row="8" value="0"></tile>
				<tile col="13" row="9" value="0"></tile>
				<tile col="13" row="10" value="1"></tile>
				<tile col="13" row="11" value="0"></tile>
				<tile col="13" row="12" value="0"></tile>
				<tile col="13" row="13" value="0"></tile>
				<tile col="13" row="14" value="0"></tile>
				<tile col="13" row="15" value="0"></tile>
				<tile col="13" row="16" value="1"></tile>
				<tile col="13" row="17" value="1"></tile>
				<tile col="13" row="18" value="1"></tile>
				<tile col="13" row="19" value="1"></tile>
				<tile col="13" row="20" value="1"></tile>
				<tile col="13" row="21" value="1"></tile>
				<tile col="13" row="22" value="1"></tile>
				<tile col="13" row="23" value="0"></tile>
			</row>
			<row id="14">
				<tile col="14" row="0" value="0"></tile>
				<tile col="14" row="1" value="1"></tile>
				<tile col="14" row="2" value="0"></tile>
				<tile col="14" row="3" value="0"></tile>
				<tile col="14" row="4" value="1"></tile>
				<tile col="14" row="5" value="0"></tile>
				<tile col="14" row="6" value="0"></tile>
				<tile col="14" row="7" value="1"></tile>
				<tile col="14" row="8" value="0"></tile>
				<tile col="14" row="9" value="0"></tile>
				<tile col="14" row="10" value="1"></tile>
				<tile col="14" row="11" value="0"></tile>
				<tile col="14" row="12" value="0"></tile>
				<tile col="14" row="13" value="1"></tile>
				<tile col="14" row="14" value="0"></tile>
				<tile col="14" row="15" value="0"></tile>
				<tile col="14" row="16" value="1"></tile>
				<tile col="14" row="17" value="0"></tile>
				<tile col="14" row="18" value="0"></tile>
				<tile col="14" row="19" value="1"></tile>
				<tile col="14" row="20" value="0"></tile>
				<tile col="14" row="21" value="0"></tile>
				<tile col="14" row="22" value="1"></tile>
				<tile col="14" row="23" value="0"></tile>
			</row>
			<row id="15">
				<tile col="15" row="0" value="0"></tile>
				<tile col="15" row="1" value="1"></tile>
				<tile col="15" row="2" value="0"></tile>
				<tile col="15" row="3" value="0"></tile>
				<tile col="15" row="4" value="1"></tile>
				<tile col="15" row="5" value="0"></tile>
				<tile col="15" row="6" value="0"></tile>
				<tile col="15" row="7" value="1"></tile>
				<tile col="15" row="8" value="0"></tile>
				<tile col="15" row="9" value="0"></tile>
				<tile col="15" row="10" value="1"></tile>
				<tile col="15" row="11" value="0"></tile>
				<tile col="15" row="12" value="0"></tile>
				<tile col="15" row="13" value="1"></tile>
				<tile col="15" row="14" value="0"></tile>
				<tile col="15" row="15" value="0"></tile>
				<tile col="15" row="16" value="1"></tile>
				<tile col="15" row="17" value="0"></tile>
				<tile col="15" row="18" value="0"></tile>
				<tile col="15" row="19" value="1"></tile>
				<tile col="15" row="20" value="0"></tile>
				<tile col="15" row="21" value="0"></tile>
				<tile col="15" row="22" value="1"></tile>
				<tile col="15" row="23" value="0"></tile>
			</row>
			<row id="16">
				<tile col="16" row="0" value="0"></tile>
				<tile col="16" row="1" value="1"></tile>
				<tile col="16" row="2" value="1"></tile>
				<tile col="16" row="3" value="1"></tile>
				<tile col="16" row="4" value="2"></tile>
				<tile col="16" row="5" value="1"></tile>
				<tile col="16" row="6" value="1"></tile>
				<tile col="16" row="7" value="1"></tile>
				<tile col="16" row="8" value="1"></tile>
				<tile col="16" row="9" value="1"></tile>
				<tile col="16" row="10" value="2"></tile>
				<tile col="16" row="11" value="1"></tile>
				<tile col="16" row="12" value="1"></tile>
				<tile col="16" row="13" value="1"></tile>
				<tile col="16" row="14" value="1"></tile>
				<tile col="16" row="15" value="1"></tile>
				<tile col="16" row="16" value="2"></tile>
				<tile col="16" row="17" value="1"></tile>
				<tile col="16" row="18" value="1"></tile>
				<tile col="16" row="19" value="1"></tile>
				<tile col="16" row="20" value="1"></tile>
				<tile col="16" row="21" value="1"></tile>
				<tile col="16" row="22" value="2"></tile>
				<tile col="16" row="23" value="0"></tile>
			</row>
			<row id="17">
				<tile col="17" row="0" value="0"></tile>
				<tile col="17" row="1" value="1"></tile>
				<tile col="17" row="2" value="0"></tile>
				<tile col="17" row="3" value="0"></tile>
				<tile col="17" row="4" value="1"></tile>
				<tile col="17" row="5" value="0"></tile>
				<tile col="17" row="6" value="0"></tile>
				<tile col="17" row="7" value="1"></tile>
				<tile col="17" row="8" value="0"></tile>
				<tile col="17" row="9" value="0"></tile>
				<tile col="17" row="10" value="1"></tile>
				<tile col="17" row="11" value="0"></tile>
				<tile col="17" row="12" value="0"></tile>
				<tile col="17" row="13" value="1"></tile>
				<tile col="17" row="14" value="0"></tile>
				<tile col="17" row="15" value="0"></tile>
				<tile col="17" row="16" value="1"></tile>
				<tile col="17" row="17" value="0"></tile>
				<tile col="17" row="18" value="0"></tile>
				<tile col="17" row="19" value="1"></tile>
				<tile col="17" row="20" value="0"></tile>
				<tile col="17" row="21" value="0"></tile>
				<tile col="17" row="22" value="1"></tile>
				<tile col="17" row="23" value="0"></tile>
			</row>
			<row id="18">
				<tile col="18" row="0" value="0"></tile>
				<tile col="18" row="1" value="1"></tile>
				<tile col="18" row="2" value="0"></tile>
				<tile col="18" row="3" value="0"></tile>
				<tile col="18" row="4" value="1"></tile>
				<tile col="18" row="5" value="0"></tile>
				<tile col="18" row="6" value="0"></tile>
				<tile col="18" row="7" value="1"></tile>
				<tile col="18" row="8" value="0"></tile>
				<tile col="18" row="9" value="0"></tile>
				<tile col="18" row="10" value="1"></tile>
				<tile col="18" row="11" value="0"></tile>
				<tile col="18" row="12" value="0"></tile>
				<tile col="18" row="13" value="1"></tile>
				<tile col="18" row="14" value="0"></tile>
				<tile col="18" row="15" value="0"></tile>
				<tile col="18" row="16" value="1"></tile>
				<tile col="18" row="17" value="0"></tile>
				<tile col="18" row="18" value="0"></tile>
				<tile col="18" row="19" value="1"></tile>
				<tile col="18" row="20" value="0"></tile>
				<tile col="18" row="21" value="0"></tile>
				<tile col="18" row="22" value="1"></tile>
				<tile col="18" row="23" value="0"></tile>
			</row>
			<row id="19">
				<tile col="19" row="0" value="0"></tile>
				<tile col="19" row="1" value="1"></tile>
				<tile col="19" row="2" value="1"></tile>
				<tile col="19" row="3" value="1"></tile>
				<tile col="19" row="4" value="1"></tile>
				<tile col="19" row="5" value="1"></tile>
				<tile col="19" row="6" value="1"></tile>
				<tile col="19" row="7" value="1"></tile>
				<tile col="19" row="8" value="1"></tile>
				<tile col="19" row="9" value="1"></tile>
				<tile col="19" row="10" value="1"></tile>
				<tile col="19" row="11" value="1"></tile>
				<tile col="19" row="12" value="1"></tile>
				<tile col="19" row="13" value="1"></tile>
				<tile col="19" row="14" value="1"></tile>
				<tile col="19" row="15" value="1"></tile>
				<tile col="19" row="16" value="1"></tile>
				<tile col="19" row="17" value="1"></tile>
				<tile col="19" row="18" value="1"></tile>
				<tile col="19" row="19" value="1"></tile>
				<tile col="19" row="20" value="1"></tile>
				<tile col="19" row="21" value="1"></tile>
				<tile col="19" row="22" value="1"></tile>
				<tile col="19" row="23" value="0"></tile>
			</row>
			<row id="20">
				<tile col="20" row="0" value="0"></tile>
				<tile col="20" row="1" value="1"></tile>
				<tile col="20" row="2" value="0"></tile>
				<tile col="20" row="3" value="0"></tile>
				<tile col="20" row="4" value="1"></tile>
				<tile col="20" row="5" value="0"></tile>
				<tile col="20" row="6" value="0"></tile>
				<tile col="20" row="7" value="1"></tile>
				<tile col="20" row="8" value="0"></tile>
				<tile col="20" row="9" value="0"></tile>
				<tile col="20" row="10" value="1"></tile>
				<tile col="20" row="11" value="0"></tile>
				<tile col="20" row="12" value="0"></tile>
				<tile col="20" row="13" value="1"></tile>
				<tile col="20" row="14" value="0"></tile>
				<tile col="20" row="15" value="0"></tile>
				<tile col="20" row="16" value="1"></tile>
				<tile col="20" row="17" value="0"></tile>
				<tile col="20" row="18" value="0"></tile>
				<tile col="20" row="19" value="1"></tile>
				<tile col="20" row="20" value="0"></tile>
				<tile col="20" row="21" value="0"></tile>
				<tile col="20" row="22" value="1"></tile>
				<tile col="20" row="23" value="0"></tile>
			</row>
			<row id="21">
				<tile col="21" row="0" value="0"></tile>
				<tile col="21" row="1" value="1"></tile>
				<tile col="21" row="2" value="0"></tile>
				<tile col="21" row="3" value="0"></tile>
				<tile col="21" row="4" value="1"></tile>
				<tile col="21" row="5" value="0"></tile>
				<tile col="21" row="6" value="0"></tile>
				<tile col="21" row="7" value="1"></tile>
				<tile col="21" row="8" value="0"></tile>
				<tile col="21" row="9" value="0"></tile>
				<tile col="21" row="10" value="1"></tile>
				<tile col="21" row="11" value="0"></tile>
				<tile col="21" row="12" value="0"></tile>
				<tile col="21" row="13" value="1"></tile>
				<tile col="21" row="14" value="0"></tile>
				<tile col="21" row="15" value="0"></tile>
				<tile col="21" row="16" value="1"></tile>
				<tile col="21" row="17" value="0"></tile>
				<tile col="21" row="18" value="0"></tile>
				<tile col="21" row="19" value="1"></tile>
				<tile col="21" row="20" value="0"></tile>
				<tile col="21" row="21" value="0"></tile>
				<tile col="21" row="22" value="1"></tile>
				<tile col="21" row="23" value="0"></tile>
			</row>
			<row id="22">
				<tile col="22" row="0" value="0"></tile>
				<tile col="22" row="1" value="1"></tile>
				<tile col="22" row="2" value="1"></tile>
				<tile col="22" row="3" value="1"></tile>
				<tile col="22" row="4" value="2"></tile>
				<tile col="22" row="5" value="1"></tile>
				<tile col="22" row="6" value="1"></tile>
				<tile col="22" row="7" value="1"></tile>
				<tile col="22" row="8" value="1"></tile>
				<tile col="22" row="9" value="1"></tile>
				<tile col="22" row="10" value="2"></tile>
				<tile col="22" row="11" value="1"></tile>
				<tile col="22" row="12" value="1"></tile>
				<tile col="22" row="13" value="1"></tile>
				<tile col="22" row="14" value="1"></tile>
				<tile col="22" row="15" value="1"></tile>
				<tile col="22" row="16" value="2"></tile>
				<tile col="22" row="17" value="1"></tile>
				<tile col="22" row="18" value="1"></tile>
				<tile col="22" row="19" value="1"></tile>
				<tile col="22" row="20" value="1"></tile>
				<tile col="22" row="21" value="1"></tile>
				<tile col="22" row="22" value="1"></tile>
				<tile col="22" row="23" value="0"></tile>
			</row>
			<row id="23">
				<tile col="23" row="0" value="0"></tile>
				<tile col="23" row="1" value="0"></tile>
				<tile col="23" row="2" value="0"></tile>
				<tile col="23" row="3" value="0"></tile>
				<tile col="23" row="4" value="0"></tile>
				<tile col="23" row="5" value="0"></tile>
				<tile col="23" row="6" value="0"></tile>
				<tile col="23" row="7" value="0"></tile>
				<tile col="23" row="8" value="0"></tile>
				<tile col="23" row="9" value="0"></tile>
				<tile col="23" row="10" value="0"></tile>
				<tile col="23" row="11" value="0"></tile>
				<tile col="23" row="12" value="0"></tile>
				<tile col="23" row="13" value="0"></tile>
				<tile col="23" row="14" value="0"></tile>
				<tile col="23" row="15" value="0"></tile>
				<tile col="23" row="16" value="0"></tile>
				<tile col="23" row="17" value="0"></tile>
				<tile col="23" row="18" value="0"></tile>
				<tile col="23" row="19" value="0"></tile>
				<tile col="23" row="20" value="0"></tile>
				<tile col="23" row="21" value="0"></tile>
				<tile col="23" row="22" value="0"></tile>
				<tile col="23" row="23" value="0"></tile>
			</row>
		</layer>
</tilemap>
